d177856e-6e46-44ee-8eb5-83ef1c7452c7,d15b9e575525346a5e304ae5b3a35d64
d177856e-6e46-44ee-8eb5-83ef1c7452c7,ce96b5b773cae4a603092b46494f9dd4
d177856e-6e46-44ee-8eb5-83ef1c7452c7,cd575b6a1f2b1044c5562b5eee64605d
d177856e-6e46-44ee-8eb5-83ef1c7452c7,74dfe78187a2d15d028942426764f8e1
d177856e-6e46-44ee-8eb5-83ef1c7452c7,3837f5edb8f20cdab9a913f30b670760
d177856e-6e46-44ee-8eb5-83ef1c7452c7,1c598e0a59acfc13b01337b88f8752c2
d177856e-6e46-44ee-8eb5-83ef1c7452c7,7c60f42606871b42f398791733234d34
d177856e-6e46-44ee-8eb5-83ef1c7452c7,caf7eb506e1bdf9cb5eae7577db5f67f
d177856e-6e46-44ee-8eb5-83ef1c7452c7,d9881b0e7d73413d6ec0802d4f8d97fb
d177856e-6e46-44ee-8eb5-83ef1c7452c7,b2c1b1cf9c892e3404f8ab85c9d98367
d177856e-6e46-44ee-8eb5-83ef1c7452c7,951b4e479c02ecce30ccd5120dfa79d6
d177856e-6e46-44ee-8eb5-83ef1c7452c7,4f7dc890250d0dd377362c47aba5cb00
d177856e-6e46-44ee-8eb5-83ef1c7452c7,c70450b54255fd0e08dcbf67f65b47f6
d177856e-6e46-44ee-8eb5-83ef1c7452c7,57d969266cfe877f1bad7d2d74674a9d
d177856e-6e46-44ee-8eb5-83ef1c7452c7,6254d576d8a1b289bb0effa66741b525
d177856e-6e46-44ee-8eb5-83ef1c7452c7,9536a37b2ac019e2180d114f857fc2b9
d177856e-6e46-44ee-8eb5-83ef1c7452c7,675819a0ab49d931b8b95a7fb8858309
d177856e-6e46-44ee-8eb5-83ef1c7452c7,af11a17f133a94539e877813a76307a3
d177856e-6e46-44ee-8eb5-83ef1c7452c7,205583b40a6092d8b0045a8960e09a4e
d177856e-6e46-44ee-8eb5-83ef1c7452c7,3d6218c255c76825bf4d49761e2708d8
d177856e-6e46-44ee-8eb5-83ef1c7452c7,eb88869f7a4ca5cff40b06e4bd23bb35
d177856e-6e46-44ee-8eb5-83ef1c7452c7,33c91ae082f288c1b58fc46d4c1ea919
d177856e-6e46-44ee-8eb5-83ef1c7452c7,dbcaabf85a246b0231f604b20909407b
d177856e-6e46-44ee-8eb5-83ef1c7452c7,ac0709b5fe8cb676ade3508c1fa6a29b
d177856e-6e46-44ee-8eb5-83ef1c7452c7,01f182afb2fd0858480ece65cd74fcea
d177856e-6e46-44ee-8eb5-83ef1c7452c7,3fadac6a92b2ee53dde22771a9f20034
d177856e-6e46-44ee-8eb5-83ef1c7452c7,5a752a2ccd85a90450f5fbaa77b3c766
d177856e-6e46-44ee-8eb5-83ef1c7452c7,9017fecf73426e2afd4f42c21af13b2d
d177856e-6e46-44ee-8eb5-83ef1c7452c7,c2eb0cf54ec5267efeb9a61a79fefc53
d177856e-6e46-44ee-8eb5-83ef1c7452c7,e6394960fab6e63b16ad0a9275e55e0c
d177856e-6e46-44ee-8eb5-83ef1c7452c7,2a831cbdbbfd89722a7427ae3afa21f7
d177856e-6e46-44ee-8eb5-83ef1c7452c7,0db5f9ceb28cfec72a840b2d134b9b9d
d177856e-6e46-44ee-8eb5-83ef1c7452c7,167777769d88a0846918aa52be01162f
d177856e-6e46-44ee-8eb5-83ef1c7452c7,e62dacf399b5b0700bb6d98340b21cb8
d177856e-6e46-44ee-8eb5-83ef1c7452c7,ab9324906c5116804e5c8c1bde529636
d177856e-6e46-44ee-8eb5-83ef1c7452c7,db5beea87870a3a55535682e87225bc1
d177856e-6e46-44ee-8eb5-83ef1c7452c7,da99f203bd0dfdec515ece90ac3330b3
d177856e-6e46-44ee-8eb5-83ef1c7452c7,04a582c844f7ab8845d1be639b5c18f4
d177856e-6e46-44ee-8eb5-83ef1c7452c7,8c57ba5fa3ce8db8ed68abf237004b45
d177856e-6e46-44ee-8eb5-83ef1c7452c7,4d5e5c819e2c98c021c453b75ca74272
d177856e-6e46-44ee-8eb5-83ef1c7452c7,b03af749434e95aaf560adb000aa80ba
d177856e-6e46-44ee-8eb5-83ef1c7452c7,4d2d953af012226924e8cf52e7eecd54
d177856e-6e46-44ee-8eb5-83ef1c7452c7,4c2e09218013c79acb02e23ad8dfbdf2
d177856e-6e46-44ee-8eb5-83ef1c7452c7,6dae820e0b8b4c2fa01c6290c1a3257c
d177856e-6e46-44ee-8eb5-83ef1c7452c7,8f57686ed0406487eac5d6f1d97dc863
d177856e-6e46-44ee-8eb5-83ef1c7452c7,2a84f389c82bc30f669f70cade34e20e
d177856e-6e46-44ee-8eb5-83ef1c7452c7,1d743af2725996db1993f796a7ed9c7d
d177856e-6e46-44ee-8eb5-83ef1c7452c7,a07aaa994ca6b56fa7504ff8b1afd7cb
d177856e-6e46-44ee-8eb5-83ef1c7452c7,69d43dbee2e9f5fb258ecd717868b28d
d177856e-6e46-44ee-8eb5-83ef1c7452c7,51817dcabb1ae7e58670c61a7289a3d1
d177856e-6e46-44ee-8eb5-83ef1c7452c7,409cc2892855a3fe59862016d05f3edb
d177856e-6e46-44ee-8eb5-83ef1c7452c7,48a022848c1ebaa50d33f687d62a312e
d177856e-6e46-44ee-8eb5-83ef1c7452c7,340a1eee10ebcb4a682887da4592b165
d177856e-6e46-44ee-8eb5-83ef1c7452c7,9c571bd83b6776733fa42a93174b3b25
d177856e-6e46-44ee-8eb5-83ef1c7452c7,68742fadc23477f619373d5358dec3f3
d177856e-6e46-44ee-8eb5-83ef1c7452c7,dfeb70587b1d18a1a6438db6460999ab
d177856e-6e46-44ee-8eb5-83ef1c7452c7,708c7d3e47b2ab0dd7596c87818dc9d4
d177856e-6e46-44ee-8eb5-83ef1c7452c7,d41d89fa21937b3a9d25057109cb857f
d177856e-6e46-44ee-8eb5-83ef1c7452c7,9dbf8ef7db2639eabad391fbec069dc8
d177856e-6e46-44ee-8eb5-83ef1c7452c7,ee64efe3c49862c28b59bc9dbb1179c0
d177856e-6e46-44ee-8eb5-83ef1c7452c7,c01ea4ed2518cf7236b27db0b211578b
d177856e-6e46-44ee-8eb5-83ef1c7452c7,53f43aa23fcab2c47ff102a5be71062d
d177856e-6e46-44ee-8eb5-83ef1c7452c7,35628e61180ee3d727e0ff43ce94c884
d177856e-6e46-44ee-8eb5-83ef1c7452c7,5fd37f4e82f088d2e18bada3faf54982
d177856e-6e46-44ee-8eb5-83ef1c7452c7,d5aff77782d7cfc263f40f92e43d0280
d177856e-6e46-44ee-8eb5-83ef1c7452c7,c7661be2f80a6e2287277920064b9d0d
d177856e-6e46-44ee-8eb5-83ef1c7452c7,25f044bd41905aa4499c432dd9746bbd
d177856e-6e46-44ee-8eb5-83ef1c7452c7,ca541904ab3c23b18314df15fc68d8fc
d177856e-6e46-44ee-8eb5-83ef1c7452c7,bbb32893c2a6a0fbff2c01b5f855fe80
d177856e-6e46-44ee-8eb5-83ef1c7452c7,d9cb8060aa445182336adb62cf5dc57f
d177856e-6e46-44ee-8eb5-83ef1c7452c7,99ae5f759d94ac8c9f42a059ce48934e
d177856e-6e46-44ee-8eb5-83ef1c7452c7,d15772867b098599da00f31f4a29f2d1
d177856e-6e46-44ee-8eb5-83ef1c7452c7,af6e374f8d9176ab6b519be080ee6874
d177856e-6e46-44ee-8eb5-83ef1c7452c7,4142d1661d0d615163759047f1a1774b
d177856e-6e46-44ee-8eb5-83ef1c7452c7,b4b95467dbec0956d08a9ca7fe299715
d177856e-6e46-44ee-8eb5-83ef1c7452c7,2311e371425084d9784a167206e09b39
d177856e-6e46-44ee-8eb5-83ef1c7452c7,0db56cf27bf7876521799740df626bb0
d177856e-6e46-44ee-8eb5-83ef1c7452c7,398f304f106d40d015b454fcad385b51
d177856e-6e46-44ee-8eb5-83ef1c7452c7,648dc6c9bfce019423ac8cedaf05f598
d177856e-6e46-44ee-8eb5-83ef1c7452c7,e94ea39b440ab623d4131a0890f8f1c8
d177856e-6e46-44ee-8eb5-83ef1c7452c7,66b4e87d45e8b459bf1a40d4c3cdc72f
d177856e-6e46-44ee-8eb5-83ef1c7452c7,9252f5e31a73492932aba59f3343e83c
d177856e-6e46-44ee-8eb5-83ef1c7452c7,ea5b5ee653ef5e7b3c02b90c828ccf68
d177856e-6e46-44ee-8eb5-83ef1c7452c7,8bb6d17483e49c8d629056f68767f9dd
d177856e-6e46-44ee-8eb5-83ef1c7452c7,95500bc3c787cb8a7b0302de9398cd9b
d177856e-6e46-44ee-8eb5-83ef1c7452c7,1d5f2e60412a290abc9ea01a395470ce
d177856e-6e46-44ee-8eb5-83ef1c7452c7,a94a06c5de84fed5593fbd0321f75365
d177856e-6e46-44ee-8eb5-83ef1c7452c7,0b10544ce411bf22f47a109c13159f3c
d177856e-6e46-44ee-8eb5-83ef1c7452c7,8cb9fc44eba51a33e08e3342564462d4
d177856e-6e46-44ee-8eb5-83ef1c7452c7,5ec2f918ed5cd6307e61fa081ec6ecde
d177856e-6e46-44ee-8eb5-83ef1c7452c7,e8a695e2174abfad1184596b9926d83b
d177856e-6e46-44ee-8eb5-83ef1c7452c7,f422cb59dc725237006f6f8e7c1c80dc
d177856e-6e46-44ee-8eb5-83ef1c7452c7,4e99c1841692c845fa5835cd7b7b3fc3
d177856e-6e46-44ee-8eb5-83ef1c7452c7,6dd62bde8ccdccbf576dc7f16d4d8c8f
d177856e-6e46-44ee-8eb5-83ef1c7452c7,1dce299ac3b1c882ef4f7246874898ae
d177856e-6e46-44ee-8eb5-83ef1c7452c7,c9f836d39ab297223386d43caec895d3
d177856e-6e46-44ee-8eb5-83ef1c7452c7,ff5ecd76000c754ff295009bc6e2ec01
d177856e-6e46-44ee-8eb5-83ef1c7452c7,1a4ee576df128a7ca631c51cf3fbf19a
d177856e-6e46-44ee-8eb5-83ef1c7452c7,20cf0d5ee051e307bc6b4bca7c231550
d177856e-6e46-44ee-8eb5-83ef1c7452c7,42374751b482155b5ce6cd803f0de946
d177856e-6e46-44ee-8eb5-83ef1c7452c7,52124bcde9520753b17b680ba5601971
d177856e-6e46-44ee-8eb5-83ef1c7452c7,288b3b372023f0ee956f2db0bc13188b
d177856e-6e46-44ee-8eb5-83ef1c7452c7,87dad0c0cbff41f37081394b4fe27f00
d177856e-6e46-44ee-8eb5-83ef1c7452c7,d5f8170369170cc48403108f91e7b822
d177856e-6e46-44ee-8eb5-83ef1c7452c7,3f76c89d108af066e8ef9b35e9ff82c7
d177856e-6e46-44ee-8eb5-83ef1c7452c7,93bf3851c26ce81f41b12c631d569d77
d177856e-6e46-44ee-8eb5-83ef1c7452c7,a389a485e00b0e6c4b0ffe9abe316015
d177856e-6e46-44ee-8eb5-83ef1c7452c7,e716820898daee96065f57fab3ad758f
d177856e-6e46-44ee-8eb5-83ef1c7452c7,d3855d2f7eef0cdb1ad8a3504f762028
d177856e-6e46-44ee-8eb5-83ef1c7452c7,eab52d7e11f02ad51479247b33a47b71
d177856e-6e46-44ee-8eb5-83ef1c7452c7,4a7335045cd3b2c3ecd955f807aaf5f0
d177856e-6e46-44ee-8eb5-83ef1c7452c7,83a70cda9f2c059811eeece57b5b2997
d177856e-6e46-44ee-8eb5-83ef1c7452c7,45638f89d43f729c5d1afefc977fcc2d
d177856e-6e46-44ee-8eb5-83ef1c7452c7,fcf6ae056f48dbe1d2ee22cc6b983ced
d177856e-6e46-44ee-8eb5-83ef1c7452c7,c82364f01b2cbcc95af27776029042dd
d177856e-6e46-44ee-8eb5-83ef1c7452c7,06268ddd3c6212086c09b4277a98ff3b
d177856e-6e46-44ee-8eb5-83ef1c7452c7,286575f413e127c037d04446ffe35bb5
d177856e-6e46-44ee-8eb5-83ef1c7452c7,5825231e7c5920b0d1edd4f7c4e5d798
d177856e-6e46-44ee-8eb5-83ef1c7452c7,d6f87c283521cbd15a5cf0a3c57a72fc
d177856e-6e46-44ee-8eb5-83ef1c7452c7,b77ec73a074d03bddf9d7d80fc3a790f
d177856e-6e46-44ee-8eb5-83ef1c7452c7,d7c4908daf7c681304178c58cdf0fdda
d177856e-6e46-44ee-8eb5-83ef1c7452c7,b542c42ffe6390d44588aa3deccf7bf3
d177856e-6e46-44ee-8eb5-83ef1c7452c7,69bbeeadb4e2d79546d0a2c835d832b9
d177856e-6e46-44ee-8eb5-83ef1c7452c7,589c7a284fe846307e3d17d80e03fc17
d177856e-6e46-44ee-8eb5-83ef1c7452c7,8db544b516ee1ca46715c1a341046119
d177856e-6e46-44ee-8eb5-83ef1c7452c7,e67f839d11280c4ca3ea2614bb2286a5
d177856e-6e46-44ee-8eb5-83ef1c7452c7,404b676d2685110038cfc744f4e3b804
d177856e-6e46-44ee-8eb5-83ef1c7452c7,c82ca9fdd431187a98dcaa3835bf9aab
d177856e-6e46-44ee-8eb5-83ef1c7452c7,973c7f87f97cfe3ce25f58c1e50c9fdb
d177856e-6e46-44ee-8eb5-83ef1c7452c7,b85a971893225993a3f27c2d6ce947cb
d177856e-6e46-44ee-8eb5-83ef1c7452c7,5ff54fa1e5081ee40fd5196560230285
d177856e-6e46-44ee-8eb5-83ef1c7452c7,8e9f87070e4058619ed863f1a9f4f512
d177856e-6e46-44ee-8eb5-83ef1c7452c7,6039852ccd093e76bc8775a48583d988
d177856e-6e46-44ee-8eb5-83ef1c7452c7,f06b671d032afeeb2add79b48bd176e2
d177856e-6e46-44ee-8eb5-83ef1c7452c7,da5924673c7069ed6247b3a5143420bc
d177856e-6e46-44ee-8eb5-83ef1c7452c7,1ba1a646456e2b252eccdda828bb9b72
d177856e-6e46-44ee-8eb5-83ef1c7452c7,702420ffd64fbedee73b221ea7df3dbf
d177856e-6e46-44ee-8eb5-83ef1c7452c7,7a1d46494a7449724517e5aa21c1879d
d177856e-6e46-44ee-8eb5-83ef1c7452c7,41ed0053cee28e4214fc2553c7eb0aa5
d177856e-6e46-44ee-8eb5-83ef1c7452c7,52129c4ed4dac8ec78a9ba9d8af0c2e6
d177856e-6e46-44ee-8eb5-83ef1c7452c7,6d4457e81b2fab6fcd4e9ce4cd6c8598
d177856e-6e46-44ee-8eb5-83ef1c7452c7,8f3841e142d1ea3e9b087a76dfd5986c
d177856e-6e46-44ee-8eb5-83ef1c7452c7,20c6d5794192670ee5e990dec775ce00
d177856e-6e46-44ee-8eb5-83ef1c7452c7,b7f17e73fc66e6dc0c095d4f66881e2e
d177856e-6e46-44ee-8eb5-83ef1c7452c7,122c855c26b9b22841f0300e4824c026
d177856e-6e46-44ee-8eb5-83ef1c7452c7,c558c15a6b722c77d55bc94baba1552f
d177856e-6e46-44ee-8eb5-83ef1c7452c7,ea3714c387edc63a6cabd38394b88ac9
d177856e-6e46-44ee-8eb5-83ef1c7452c7,332eccac664dcac2fcf36e8df0b0935e
d177856e-6e46-44ee-8eb5-83ef1c7452c7,d96f6e8a62f37ed71f4c4593ea08fddd
d177856e-6e46-44ee-8eb5-83ef1c7452c7,6c62800e583e68f6760f12d48c8c9cb4
d177856e-6e46-44ee-8eb5-83ef1c7452c7,8a91e4a3f42ffb9abf2eb301a72d5132
d177856e-6e46-44ee-8eb5-83ef1c7452c7,ae885b936d47d1c04c69276ec6188d21
d177856e-6e46-44ee-8eb5-83ef1c7452c7,6245ba132084203ae0d5efd1bc76c197
d177856e-6e46-44ee-8eb5-83ef1c7452c7,045cd1bc766d2d7f16f2e487d13c3c20
d177856e-6e46-44ee-8eb5-83ef1c7452c7,3d0f026daf72a22282f1e8313c666f83
d177856e-6e46-44ee-8eb5-83ef1c7452c7,b65db17211a61abd9bfae8aeea34e38c
d177856e-6e46-44ee-8eb5-83ef1c7452c7,d145ce4239cd99b70dcb8a8fe4f51b0c
d177856e-6e46-44ee-8eb5-83ef1c7452c7,db09780cc0da341bcc279668397ff9e4
d177856e-6e46-44ee-8eb5-83ef1c7452c7,8ef5134f0398512ae5b2eb72063f64cf
d177856e-6e46-44ee-8eb5-83ef1c7452c7,1887f695b3482e93b8703fd7dee98ab5
d177856e-6e46-44ee-8eb5-83ef1c7452c7,c5ec9cd6a6e964bbcb50715ac8d5920c
d177856e-6e46-44ee-8eb5-83ef1c7452c7,d7984562f7fcdab5d8c5dff1fd700a3c
d177856e-6e46-44ee-8eb5-83ef1c7452c7,982e046dff6c7f5b78dd2128e164b95e
d177856e-6e46-44ee-8eb5-83ef1c7452c7,c6b6111fd4795f4395d2c5bcfc388daa
d177856e-6e46-44ee-8eb5-83ef1c7452c7,8e12209903e5267b6bdec06d586b2ea1
d177856e-6e46-44ee-8eb5-83ef1c7452c7,0439cf1c1cef656c48f5a9b71354dd86
d177856e-6e46-44ee-8eb5-83ef1c7452c7,ad6c6d53e31ebd6f6c15fbd74cbe9d1d
d177856e-6e46-44ee-8eb5-83ef1c7452c7,1646d4e29eace7bdb9f293f991ffb47c
d177856e-6e46-44ee-8eb5-83ef1c7452c7,0ba61cc48e5f6a6c706c7bbeb560d4f9
d177856e-6e46-44ee-8eb5-83ef1c7452c7,e23c95fff8b7399042b20d0bc45d0b83
d177856e-6e46-44ee-8eb5-83ef1c7452c7,e84cf71d482c8a3b4072781f22f46946
d177856e-6e46-44ee-8eb5-83ef1c7452c7,fd96c99bbb038259260be6bec1e0cd11
d177856e-6e46-44ee-8eb5-83ef1c7452c7,5fa8d71fbedcff64b37d8ebc4d194fd8
d177856e-6e46-44ee-8eb5-83ef1c7452c7,da2780687622153566d4ec280f2ed43e
d177856e-6e46-44ee-8eb5-83ef1c7452c7,d7e772143f5cf2754f5f95d94de33179
d177856e-6e46-44ee-8eb5-83ef1c7452c7,1c9d9172cd15d90f1beae907aa79b6d6
d177856e-6e46-44ee-8eb5-83ef1c7452c7,335ba55e09dd2520e7535af6c0b23a65
d177856e-6e46-44ee-8eb5-83ef1c7452c7,3e466bf3f4a6b5d184ae2839dd97be0f
d177856e-6e46-44ee-8eb5-83ef1c7452c7,4f793af289eb172681b26b3c43547f24
d177856e-6e46-44ee-8eb5-83ef1c7452c7,0198dde026108de1cb88a770f38e5e71
d177856e-6e46-44ee-8eb5-83ef1c7452c7,6b8bc90b32f44f2e1dff0ab300ea0444
d177856e-6e46-44ee-8eb5-83ef1c7452c7,91e38125a14db57623248edd454e95db
d177856e-6e46-44ee-8eb5-83ef1c7452c7,15c3648e8bf8f60e2be69da3823f0093
d177856e-6e46-44ee-8eb5-83ef1c7452c7,6204397294bac2edf2136bb551bf41bc
d177856e-6e46-44ee-8eb5-83ef1c7452c7,7248af3d18f5c6beaf02a77c2ef00edb
d177856e-6e46-44ee-8eb5-83ef1c7452c7,aeaa33edfd9ec89c78e49a42c8636c9d
d177856e-6e46-44ee-8eb5-83ef1c7452c7,0a722dea0c10865671cdcb65508d3394
d177856e-6e46-44ee-8eb5-83ef1c7452c7,9bb7ead2c808dc2253f22f48ae6c4eb1
d177856e-6e46-44ee-8eb5-83ef1c7452c7,89d05bf5a3cc7bbddf507c45fedf80ac
d177856e-6e46-44ee-8eb5-83ef1c7452c7,cf35f3187321e8dc168eed3fcdcb5751
d177856e-6e46-44ee-8eb5-83ef1c7452c7,35b712f4322116dc393110081bb5f954
d177856e-6e46-44ee-8eb5-83ef1c7452c7,127a26b89d537e804df3f846d73621ee
d177856e-6e46-44ee-8eb5-83ef1c7452c7,2ec57cc7538a896d836486abc0c679b2
d177856e-6e46-44ee-8eb5-83ef1c7452c7,b618c613c79c70edada2498ad0241b8b
d177856e-6e46-44ee-8eb5-83ef1c7452c7,fd9e96a630916cce6776e856f8fb0663
d177856e-6e46-44ee-8eb5-83ef1c7452c7,9b635ec3b87cc589a59b6686e178cad4
d177856e-6e46-44ee-8eb5-83ef1c7452c7,37c464bca5afa07f4ccbda3b2c8a77cd
d177856e-6e46-44ee-8eb5-83ef1c7452c7,9cc1d7b17fd476f70fa74a97c49e3ae9
d177856e-6e46-44ee-8eb5-83ef1c7452c7,2d7129d521f61aa9c636a10b7ba1ca53
d177856e-6e46-44ee-8eb5-83ef1c7452c7,c1c3cb60549f9d2ffcc19e0e7464f649
d177856e-6e46-44ee-8eb5-83ef1c7452c7,f27bbf14166e3495f43cbd2efd72fbf6
d177856e-6e46-44ee-8eb5-83ef1c7452c7,baf70c7940b83c8b2de2bf6619ec7cb7
d177856e-6e46-44ee-8eb5-83ef1c7452c7,8e4402522bb8bfc52f9b3c001560d0b6
d177856e-6e46-44ee-8eb5-83ef1c7452c7,29cdfc23d9261e83d3815ced33da3d93
d177856e-6e46-44ee-8eb5-83ef1c7452c7,b852f17d7c559119f1f8cf55c73fe871
d177856e-6e46-44ee-8eb5-83ef1c7452c7,a1d956844cbe38af577c8d7d4cd32d23
d177856e-6e46-44ee-8eb5-83ef1c7452c7,57eddf1885d36c3a3b591398019b4ef5
d177856e-6e46-44ee-8eb5-83ef1c7452c7,938ff0f52c5c76c1f39490e5dc584d1d
d177856e-6e46-44ee-8eb5-83ef1c7452c7,0d694c914cbc9165493d02ffc1942b8f
d177856e-6e46-44ee-8eb5-83ef1c7452c7,85d94944194a7385e3fb575ece14492c
d177856e-6e46-44ee-8eb5-83ef1c7452c7,d76177bb5db7ba1007a1daa43bac98e1
d177856e-6e46-44ee-8eb5-83ef1c7452c7,a0e5bae7905568eca33cb466748601bd
d177856e-6e46-44ee-8eb5-83ef1c7452c7,6854c9fe439bfeec25551f500becdbe5
d177856e-6e46-44ee-8eb5-83ef1c7452c7,004186db46c7e2015e50ea51ec47d189
d177856e-6e46-44ee-8eb5-83ef1c7452c7,681850cc246394988998c3503ff8403b
d177856e-6e46-44ee-8eb5-83ef1c7452c7,8e549f9f6f1a2b4aa02d75aecb07eef0
d177856e-6e46-44ee-8eb5-83ef1c7452c7,24dd3ef2aa42b6d52cedb09789f8aeff
d177856e-6e46-44ee-8eb5-83ef1c7452c7,d43f5a6a75084ec7fa54b86801e507fc
d177856e-6e46-44ee-8eb5-83ef1c7452c7,f5ce02c4e4503633cba7d43659d5e962
d177856e-6e46-44ee-8eb5-83ef1c7452c7,dffe688dd3552d8f2aa65bd1912a212e
d177856e-6e46-44ee-8eb5-83ef1c7452c7,266c563ead8928d454a5a39c5deb1e67
d177856e-6e46-44ee-8eb5-83ef1c7452c7,e0bcac755905af36128ff54de8986d7d
d177856e-6e46-44ee-8eb5-83ef1c7452c7,153a1d7760acf8fc153f0fe5e7a6ffd5
d177856e-6e46-44ee-8eb5-83ef1c7452c7,b42f77ef5533a60a8ee4d88669938f93
d177856e-6e46-44ee-8eb5-83ef1c7452c7,071fd46ba0a8f3ab06aafa70446ac089
d177856e-6e46-44ee-8eb5-83ef1c7452c7,8549defad1c452a5648b2ea4bd792ff4
d177856e-6e46-44ee-8eb5-83ef1c7452c7,c6b2a141ae12b1917b18741c5a4a8a0c
d177856e-6e46-44ee-8eb5-83ef1c7452c7,7a9667c02faee1338abd45c797985ea8
d177856e-6e46-44ee-8eb5-83ef1c7452c7,3ad77d8534937617b540d9834dfccc2e
d177856e-6e46-44ee-8eb5-83ef1c7452c7,52f45c163933ee5e84f965d20e05c4af
d177856e-6e46-44ee-8eb5-83ef1c7452c7,28fbff1bd6e88d859936a00f20725452
d177856e-6e46-44ee-8eb5-83ef1c7452c7,15a0d582fa47410c0488b6e091e2f5fa
d177856e-6e46-44ee-8eb5-83ef1c7452c7,a1f939ed2d09e2fcabd7af055aaa9da0
d177856e-6e46-44ee-8eb5-83ef1c7452c7,674d24bc3e071e71dbbac9c2b0c62f25
d177856e-6e46-44ee-8eb5-83ef1c7452c7,253e6ca97d871cb5c21893c437333d2c
d177856e-6e46-44ee-8eb5-83ef1c7452c7,23c30952772b1cefc3d25eed6ff029bc
d177856e-6e46-44ee-8eb5-83ef1c7452c7,2d6ac831d3b650af4a6a099084ff4a9c
d177856e-6e46-44ee-8eb5-83ef1c7452c7,536c48a15579f531ecb46da8ac03f0cb
d177856e-6e46-44ee-8eb5-83ef1c7452c7,51fea4f104081428bfadebd812e01332
d177856e-6e46-44ee-8eb5-83ef1c7452c7,1527b5a43067f3073fbbadff030cfb98
d177856e-6e46-44ee-8eb5-83ef1c7452c7,608e51b526ab0c243fdb699cc5b77ec1
d177856e-6e46-44ee-8eb5-83ef1c7452c7,409cb6b0a48e9ef11f025c697cbdb0ea
d177856e-6e46-44ee-8eb5-83ef1c7452c7,c19504ece54a67c328986435000b053f
d177856e-6e46-44ee-8eb5-83ef1c7452c7,030549081792d74c3f4084b246455683
d177856e-6e46-44ee-8eb5-83ef1c7452c7,496ca4a763ccb6f5ac75af43e8a5a542
d177856e-6e46-44ee-8eb5-83ef1c7452c7,fb0ada36e2a45313a39b4cfee72cb30c
d177856e-6e46-44ee-8eb5-83ef1c7452c7,3817a97c006f72842a01f532dd5d019f
d177856e-6e46-44ee-8eb5-83ef1c7452c7,e8e86913b5b14748312656e860957b98
d177856e-6e46-44ee-8eb5-83ef1c7452c7,1ddab7059f4a523b8c6d0f9313269a09
d177856e-6e46-44ee-8eb5-83ef1c7452c7,06de40deb55694e737a7f8df4997412a
d177856e-6e46-44ee-8eb5-83ef1c7452c7,2d93c86644b0fab96fffd704a114f7ad
d177856e-6e46-44ee-8eb5-83ef1c7452c7,7b840a25660f7aec3ab6ab5b8fddcaef
d177856e-6e46-44ee-8eb5-83ef1c7452c7,b609847e7892820a0a6e2e1bc755b0a7
d177856e-6e46-44ee-8eb5-83ef1c7452c7,bd8c14adc57acc00fb3295d1c12794ad
d177856e-6e46-44ee-8eb5-83ef1c7452c7,f75f39a19d181d0f44038691c1a2d769
d177856e-6e46-44ee-8eb5-83ef1c7452c7,b0a0b8b6ed5025d33697447d33ecde84
d177856e-6e46-44ee-8eb5-83ef1c7452c7,b9eb8615cc14c05286fbfbb5be86a969
d177856e-6e46-44ee-8eb5-83ef1c7452c7,5d338f2d08f4a3cb3d55dee4b6aa310a
d177856e-6e46-44ee-8eb5-83ef1c7452c7,9ef94230600b697d1a3eb1ebe1907427
d177856e-6e46-44ee-8eb5-83ef1c7452c7,48aee13559a503460943ada1a70b009b
d177856e-6e46-44ee-8eb5-83ef1c7452c7,4ff12bee02e7bd748282e2e3986afda1
d177856e-6e46-44ee-8eb5-83ef1c7452c7,358970c2ab9f42b6bf88aae42b905be0
d177856e-6e46-44ee-8eb5-83ef1c7452c7,88315d55cc6d21fbb7b2f0174d3cef7c
d177856e-6e46-44ee-8eb5-83ef1c7452c7,d29cdf02eb152248f4f1e5bc3a75232f
d177856e-6e46-44ee-8eb5-83ef1c7452c7,fe2add5290c68d3047c4c9828c662277
d177856e-6e46-44ee-8eb5-83ef1c7452c7,d7f72147c89495201ecc03e3a588fd94
d177856e-6e46-44ee-8eb5-83ef1c7452c7,8ff9ee719ded1e6d960e1158fdc9eea3
d177856e-6e46-44ee-8eb5-83ef1c7452c7,9464669a257cdb2426c60647c0c47189
d177856e-6e46-44ee-8eb5-83ef1c7452c7,7e1fb524a478c0fb97881797b7b8e2eb
d177856e-6e46-44ee-8eb5-83ef1c7452c7,a378913cc7abf42dc5d60f47b2fe548e
d177856e-6e46-44ee-8eb5-83ef1c7452c7,101e2d9c4ed8d7f225572db72055942a
d177856e-6e46-44ee-8eb5-83ef1c7452c7,5700c01cf1bb3d34415d7e6fe8cf2247
d177856e-6e46-44ee-8eb5-83ef1c7452c7,38e223b453a8b2bc44a9e5f542e51fb4
d177856e-6e46-44ee-8eb5-83ef1c7452c7,29caf4f30a809fc77fcbf6c2520beb36
d177856e-6e46-44ee-8eb5-83ef1c7452c7,68e461ba83c6c44a65497f5524968cf6
d177856e-6e46-44ee-8eb5-83ef1c7452c7,dcfe6ed8f86080ff8236dd8edfde334d
d177856e-6e46-44ee-8eb5-83ef1c7452c7,9f5d797823665c03bddab24cfac8f155
d177856e-6e46-44ee-8eb5-83ef1c7452c7,20f7615b18ad27f30858994e00594abd
d177856e-6e46-44ee-8eb5-83ef1c7452c7,451309b4d65399df164440b4ba00ddda
d177856e-6e46-44ee-8eb5-83ef1c7452c7,015f2eb1919b6414432805375d7f7a70
d177856e-6e46-44ee-8eb5-83ef1c7452c7,314cf5330aa5aa5daa829aad235bd1d7
d177856e-6e46-44ee-8eb5-83ef1c7452c7,1c2701b4d076ff51b2d7249e3b895779
d177856e-6e46-44ee-8eb5-83ef1c7452c7,c6226700c6f7ccce49387aaaf2a4dfd8
d177856e-6e46-44ee-8eb5-83ef1c7452c7,9053b9ecfb5d44ef59a5f94bc974b368
d177856e-6e46-44ee-8eb5-83ef1c7452c7,4ca7e1ca74740300a09cd52c2c07597e
d177856e-6e46-44ee-8eb5-83ef1c7452c7,40de267491660866cc15a11fe83b3d5a
d177856e-6e46-44ee-8eb5-83ef1c7452c7,df09699dd348c1287965f76b5726cc51
d177856e-6e46-44ee-8eb5-83ef1c7452c7,a77e4b91044b161ad9ddeb4b0d95765f
d177856e-6e46-44ee-8eb5-83ef1c7452c7,c96c87727ffc7081bf8679631daaf708
d177856e-6e46-44ee-8eb5-83ef1c7452c7,202d50b154568b1c37c059dcfc7cc4b1
d177856e-6e46-44ee-8eb5-83ef1c7452c7,224a0813064d87c9a8b973defa750865
d177856e-6e46-44ee-8eb5-83ef1c7452c7,61a9529575d242ff12da9d7478bad11a
6a10e5d8-f1cd-42b0-8240-a4650efd83d6,4f793af289eb172681b26b3c43547f24
6a10e5d8-f1cd-42b0-8240-a4650efd83d6,aeaa33edfd9ec89c78e49a42c8636c9d
6a10e5d8-f1cd-42b0-8240-a4650efd83d6,fd9e96a630916cce6776e856f8fb0663
6a10e5d8-f1cd-42b0-8240-a4650efd83d6,dfeb70587b1d18a1a6438db6460999ab
6a10e5d8-f1cd-42b0-8240-a4650efd83d6,8e4402522bb8bfc52f9b3c001560d0b6
6a10e5d8-f1cd-42b0-8240-a4650efd83d6,29cdfc23d9261e83d3815ced33da3d93
6a10e5d8-f1cd-42b0-8240-a4650efd83d6,b852f17d7c559119f1f8cf55c73fe871
6a10e5d8-f1cd-42b0-8240-a4650efd83d6,a1d956844cbe38af577c8d7d4cd32d23
6a10e5d8-f1cd-42b0-8240-a4650efd83d6,87dad0c0cbff41f37081394b4fe27f00
6a10e5d8-f1cd-42b0-8240-a4650efd83d6,57eddf1885d36c3a3b591398019b4ef5
6a10e5d8-f1cd-42b0-8240-a4650efd83d6,938ff0f52c5c76c1f39490e5dc584d1d
6a10e5d8-f1cd-42b0-8240-a4650efd83d6,0d694c914cbc9165493d02ffc1942b8f
6a10e5d8-f1cd-42b0-8240-a4650efd83d6,85d94944194a7385e3fb575ece14492c
6a10e5d8-f1cd-42b0-8240-a4650efd83d6,d76177bb5db7ba1007a1daa43bac98e1
6a10e5d8-f1cd-42b0-8240-a4650efd83d6,a0e5bae7905568eca33cb466748601bd
6a10e5d8-f1cd-42b0-8240-a4650efd83d6,6854c9fe439bfeec25551f500becdbe5
6a10e5d8-f1cd-42b0-8240-a4650efd83d6,004186db46c7e2015e50ea51ec47d189
6a10e5d8-f1cd-42b0-8240-a4650efd83d6,681850cc246394988998c3503ff8403b
6a10e5d8-f1cd-42b0-8240-a4650efd83d6,7a9667c02faee1338abd45c797985ea8
6a10e5d8-f1cd-42b0-8240-a4650efd83d6,3ad77d8534937617b540d9834dfccc2e
6a10e5d8-f1cd-42b0-8240-a4650efd83d6,52f45c163933ee5e84f965d20e05c4af
6a10e5d8-f1cd-42b0-8240-a4650efd83d6,28fbff1bd6e88d859936a00f20725452
6a10e5d8-f1cd-42b0-8240-a4650efd83d6,1527b5a43067f3073fbbadff030cfb98
6a10e5d8-f1cd-42b0-8240-a4650efd83d6,496ca4a763ccb6f5ac75af43e8a5a542
6a10e5d8-f1cd-42b0-8240-a4650efd83d6,1d5f2e60412a290abc9ea01a395470ce
6a10e5d8-f1cd-42b0-8240-a4650efd83d6,b9eb8615cc14c05286fbfbb5be86a969
6a10e5d8-f1cd-42b0-8240-a4650efd83d6,5d338f2d08f4a3cb3d55dee4b6aa310a
6a10e5d8-f1cd-42b0-8240-a4650efd83d6,8ff9ee719ded1e6d960e1158fdc9eea3
6a10e5d8-f1cd-42b0-8240-a4650efd83d6,d5f8170369170cc48403108f91e7b822
6a10e5d8-f1cd-42b0-8240-a4650efd83d6,9464669a257cdb2426c60647c0c47189
6a10e5d8-f1cd-42b0-8240-a4650efd83d6,68e461ba83c6c44a65497f5524968cf6
6a10e5d8-f1cd-42b0-8240-a4650efd83d6,dcfe6ed8f86080ff8236dd8edfde334d
6a10e5d8-f1cd-42b0-8240-a4650efd83d6,9f5d797823665c03bddab24cfac8f155
6a10e5d8-f1cd-42b0-8240-a4650efd83d6,20f7615b18ad27f30858994e00594abd
6a10e5d8-f1cd-42b0-8240-a4650efd83d6,451309b4d65399df164440b4ba00ddda
6a10e5d8-f1cd-42b0-8240-a4650efd83d6,015f2eb1919b6414432805375d7f7a70
6a10e5d8-f1cd-42b0-8240-a4650efd83d6,c6226700c6f7ccce49387aaaf2a4dfd8
6a10e5d8-f1cd-42b0-8240-a4650efd83d6,9053b9ecfb5d44ef59a5f94bc974b368
6a10e5d8-f1cd-42b0-8240-a4650efd83d6,4ca7e1ca74740300a09cd52c2c07597e
8f09de10-6867-45c6-814d-3d91a33d3af7,335ba55e09dd2520e7535af6c0b23a65
8f09de10-6867-45c6-814d-3d91a33d3af7,3e466bf3f4a6b5d184ae2839dd97be0f
8f09de10-6867-45c6-814d-3d91a33d3af7,0198dde026108de1cb88a770f38e5e71
8f09de10-6867-45c6-814d-3d91a33d3af7,6b8bc90b32f44f2e1dff0ab300ea0444
8f09de10-6867-45c6-814d-3d91a33d3af7,91e38125a14db57623248edd454e95db
8f09de10-6867-45c6-814d-3d91a33d3af7,15c3648e8bf8f60e2be69da3823f0093
8f09de10-6867-45c6-814d-3d91a33d3af7,6204397294bac2edf2136bb551bf41bc
8f09de10-6867-45c6-814d-3d91a33d3af7,7248af3d18f5c6beaf02a77c2ef00edb
8f09de10-6867-45c6-814d-3d91a33d3af7,0a722dea0c10865671cdcb65508d3394
8f09de10-6867-45c6-814d-3d91a33d3af7,9bb7ead2c808dc2253f22f48ae6c4eb1
8f09de10-6867-45c6-814d-3d91a33d3af7,89d05bf5a3cc7bbddf507c45fedf80ac
8f09de10-6867-45c6-814d-3d91a33d3af7,cf35f3187321e8dc168eed3fcdcb5751
8f09de10-6867-45c6-814d-3d91a33d3af7,35b712f4322116dc393110081bb5f954
8f09de10-6867-45c6-814d-3d91a33d3af7,127a26b89d537e804df3f846d73621ee
8f09de10-6867-45c6-814d-3d91a33d3af7,2ec57cc7538a896d836486abc0c679b2
8f09de10-6867-45c6-814d-3d91a33d3af7,b618c613c79c70edada2498ad0241b8b
8f09de10-6867-45c6-814d-3d91a33d3af7,9b635ec3b87cc589a59b6686e178cad4
8f09de10-6867-45c6-814d-3d91a33d3af7,37c464bca5afa07f4ccbda3b2c8a77cd
8f09de10-6867-45c6-814d-3d91a33d3af7,9cc1d7b17fd476f70fa74a97c49e3ae9
8f09de10-6867-45c6-814d-3d91a33d3af7,2d7129d521f61aa9c636a10b7ba1ca53
8f09de10-6867-45c6-814d-3d91a33d3af7,c1c3cb60549f9d2ffcc19e0e7464f649
8f09de10-6867-45c6-814d-3d91a33d3af7,f27bbf14166e3495f43cbd2efd72fbf6
8f09de10-6867-45c6-814d-3d91a33d3af7,baf70c7940b83c8b2de2bf6619ec7cb7
8f09de10-6867-45c6-814d-3d91a33d3af7,8e549f9f6f1a2b4aa02d75aecb07eef0
8f09de10-6867-45c6-814d-3d91a33d3af7,24dd3ef2aa42b6d52cedb09789f8aeff
8f09de10-6867-45c6-814d-3d91a33d3af7,d43f5a6a75084ec7fa54b86801e507fc
8f09de10-6867-45c6-814d-3d91a33d3af7,f5ce02c4e4503633cba7d43659d5e962
8f09de10-6867-45c6-814d-3d91a33d3af7,dffe688dd3552d8f2aa65bd1912a212e
8f09de10-6867-45c6-814d-3d91a33d3af7,266c563ead8928d454a5a39c5deb1e67
8f09de10-6867-45c6-814d-3d91a33d3af7,e0bcac755905af36128ff54de8986d7d
8f09de10-6867-45c6-814d-3d91a33d3af7,153a1d7760acf8fc153f0fe5e7a6ffd5
8f09de10-6867-45c6-814d-3d91a33d3af7,b42f77ef5533a60a8ee4d88669938f93
8f09de10-6867-45c6-814d-3d91a33d3af7,071fd46ba0a8f3ab06aafa70446ac089
8f09de10-6867-45c6-814d-3d91a33d3af7,8549defad1c452a5648b2ea4bd792ff4
8f09de10-6867-45c6-814d-3d91a33d3af7,c6b2a141ae12b1917b18741c5a4a8a0c
8f09de10-6867-45c6-814d-3d91a33d3af7,52f45c163933ee5e84f965d20e05c4af
8f09de10-6867-45c6-814d-3d91a33d3af7,15a0d582fa47410c0488b6e091e2f5fa
8f09de10-6867-45c6-814d-3d91a33d3af7,a1f939ed2d09e2fcabd7af055aaa9da0
8f09de10-6867-45c6-814d-3d91a33d3af7,674d24bc3e071e71dbbac9c2b0c62f25
8f09de10-6867-45c6-814d-3d91a33d3af7,253e6ca97d871cb5c21893c437333d2c
8f09de10-6867-45c6-814d-3d91a33d3af7,23c30952772b1cefc3d25eed6ff029bc
8f09de10-6867-45c6-814d-3d91a33d3af7,2d6ac831d3b650af4a6a099084ff4a9c
8f09de10-6867-45c6-814d-3d91a33d3af7,536c48a15579f531ecb46da8ac03f0cb
8f09de10-6867-45c6-814d-3d91a33d3af7,51fea4f104081428bfadebd812e01332
8f09de10-6867-45c6-814d-3d91a33d3af7,1527b5a43067f3073fbbadff030cfb98
8f09de10-6867-45c6-814d-3d91a33d3af7,608e51b526ab0c243fdb699cc5b77ec1
8f09de10-6867-45c6-814d-3d91a33d3af7,409cb6b0a48e9ef11f025c697cbdb0ea
8f09de10-6867-45c6-814d-3d91a33d3af7,045cd1bc766d2d7f16f2e487d13c3c20
8f09de10-6867-45c6-814d-3d91a33d3af7,c19504ece54a67c328986435000b053f
8f09de10-6867-45c6-814d-3d91a33d3af7,030549081792d74c3f4084b246455683
8f09de10-6867-45c6-814d-3d91a33d3af7,fb0ada36e2a45313a39b4cfee72cb30c
8f09de10-6867-45c6-814d-3d91a33d3af7,3817a97c006f72842a01f532dd5d019f
8f09de10-6867-45c6-814d-3d91a33d3af7,8a91e4a3f42ffb9abf2eb301a72d5132
8f09de10-6867-45c6-814d-3d91a33d3af7,e8e86913b5b14748312656e860957b98
8f09de10-6867-45c6-814d-3d91a33d3af7,1ddab7059f4a523b8c6d0f9313269a09
8f09de10-6867-45c6-814d-3d91a33d3af7,06de40deb55694e737a7f8df4997412a
8f09de10-6867-45c6-814d-3d91a33d3af7,2d93c86644b0fab96fffd704a114f7ad
8f09de10-6867-45c6-814d-3d91a33d3af7,1d5f2e60412a290abc9ea01a395470ce
8f09de10-6867-45c6-814d-3d91a33d3af7,7b840a25660f7aec3ab6ab5b8fddcaef
8f09de10-6867-45c6-814d-3d91a33d3af7,b609847e7892820a0a6e2e1bc755b0a7
8f09de10-6867-45c6-814d-3d91a33d3af7,bd8c14adc57acc00fb3295d1c12794ad
8f09de10-6867-45c6-814d-3d91a33d3af7,f75f39a19d181d0f44038691c1a2d769
8f09de10-6867-45c6-814d-3d91a33d3af7,b0a0b8b6ed5025d33697447d33ecde84
8f09de10-6867-45c6-814d-3d91a33d3af7,9ef94230600b697d1a3eb1ebe1907427
8f09de10-6867-45c6-814d-3d91a33d3af7,48aee13559a503460943ada1a70b009b
8f09de10-6867-45c6-814d-3d91a33d3af7,4ff12bee02e7bd748282e2e3986afda1
8f09de10-6867-45c6-814d-3d91a33d3af7,358970c2ab9f42b6bf88aae42b905be0
8f09de10-6867-45c6-814d-3d91a33d3af7,88315d55cc6d21fbb7b2f0174d3cef7c
8f09de10-6867-45c6-814d-3d91a33d3af7,d29cdf02eb152248f4f1e5bc3a75232f
8f09de10-6867-45c6-814d-3d91a33d3af7,fe2add5290c68d3047c4c9828c662277
8f09de10-6867-45c6-814d-3d91a33d3af7,d7f72147c89495201ecc03e3a588fd94
8f09de10-6867-45c6-814d-3d91a33d3af7,9464669a257cdb2426c60647c0c47189
8f09de10-6867-45c6-814d-3d91a33d3af7,7e1fb524a478c0fb97881797b7b8e2eb
8f09de10-6867-45c6-814d-3d91a33d3af7,a378913cc7abf42dc5d60f47b2fe548e
8f09de10-6867-45c6-814d-3d91a33d3af7,101e2d9c4ed8d7f225572db72055942a
8f09de10-6867-45c6-814d-3d91a33d3af7,5700c01cf1bb3d34415d7e6fe8cf2247
8f09de10-6867-45c6-814d-3d91a33d3af7,e23c95fff8b7399042b20d0bc45d0b83
8f09de10-6867-45c6-814d-3d91a33d3af7,38e223b453a8b2bc44a9e5f542e51fb4
8f09de10-6867-45c6-814d-3d91a33d3af7,29caf4f30a809fc77fcbf6c2520beb36
8f09de10-6867-45c6-814d-3d91a33d3af7,9f5d797823665c03bddab24cfac8f155
8f09de10-6867-45c6-814d-3d91a33d3af7,314cf5330aa5aa5daa829aad235bd1d7
8f09de10-6867-45c6-814d-3d91a33d3af7,1c2701b4d076ff51b2d7249e3b895779
8f09de10-6867-45c6-814d-3d91a33d3af7,c6226700c6f7ccce49387aaaf2a4dfd8
8f09de10-6867-45c6-814d-3d91a33d3af7,9053b9ecfb5d44ef59a5f94bc974b368
8f09de10-6867-45c6-814d-3d91a33d3af7,40de267491660866cc15a11fe83b3d5a
8f09de10-6867-45c6-814d-3d91a33d3af7,df09699dd348c1287965f76b5726cc51
8f09de10-6867-45c6-814d-3d91a33d3af7,a77e4b91044b161ad9ddeb4b0d95765f
8f09de10-6867-45c6-814d-3d91a33d3af7,c96c87727ffc7081bf8679631daaf708
8f09de10-6867-45c6-814d-3d91a33d3af7,202d50b154568b1c37c059dcfc7cc4b1
8f09de10-6867-45c6-814d-3d91a33d3af7,224a0813064d87c9a8b973defa750865
8f09de10-6867-45c6-814d-3d91a33d3af7,61a9529575d242ff12da9d7478bad11a
